© Der Bundeswahlleiter, Wiesbaden 2016;;;;;;;;;;;;;;
;;;;;;;;;;;;;;
Ergebnisse der Bundestagswahl 1957 nach kreisfreien Städten und Landkreisen – Zweitstimmen –;;;;;;;;;;;;;;
(Die Briefwahl ist nicht in den Kreisergebnissen enthalten, sondern wurde extra ausgewiesen.);;;;;;;;;;;;;;
;;;;;;;;;;;;;;
Land;Lfd. Nr.;Kreisfreie Stadt bzw. Stadtkreis, Landkreis bzw. Kreis;Wahlberechtigte;Wähler;Ungültige;Gültige;CDU;SPD;CSU;F.D.P.;DP;FU;GB/BHE;Sonstige
01;001;Flensburg, Stadt;66458;55107;2277;52830;19279;11227;0;2456;1506;0;4095;14267
01;002;Kiel, Landeshauptstadt;182676;151710;4493;147217;70903;60227;0;7386;2244;0;4434;2023
01;003;Lübeck, Hansestadt;167204;140060;7266;132794;67177;44831;0;7547;2223;0;9820;1196
01;004;Neumünster, Stadt;51049;43169;2135;41034;20234;16104;0;1736;606;0;2163;191
01;005;Eckernförde;43211;35920;1155;34765;17206;10007;0;1847;1012;0;2971;1722
01;006;Eiderstedt;12607;10153;473;9680;3842;2234;0;441;1318;0;586;1259
01;007;Eutin;60844;51947;1879;50068;23647;14665;0;2556;1314;0;7528;358
01;008;Flensburg;39472;33587;1315;32272;15311;5540;0;1177;3354;0;3132;3758
01;009;Herzogtum Lauenburg;96070;80344;3685;76659;37024;23788;0;3348;2990;0;8325;1184
01;010;Husum;40819;33464;1694;31770;15380;7768;0;1514;3001;0;2233;1874
01;011;Norderdithmarschen;40061;33507;1556;31951;16350;8650;0;1816;1946;0;2849;340
01;012;Oldenburg (Holstein);50029;42526;1678;40848;18725;13536;0;1869;1436;0;4660;622
01;013;Pinneberg;134921;114963;4498;110465;47894;41860;0;7771;3970;0;8115;855
01;014;Plön;70875;61106;2000;59106;29039;20342;0;2155;1636;0;5413;521
01;015;Rendsburg;104782;88316;3605;84711;42788;23570;0;5114;3405;0;8267;1567
01;016;Schleswig;64301;53489;2038;51451;26761;9464;0;2850;1867;0;5215;5294
01;017;Segeberg;60916;51372;2419;48953;25823;11175;0;3734;1372;0;6512;337
01;018;Steinburg;84350;71849;2671;69178;29822;22948;0;3766;5736;0;6487;419
01;019;Stormarn;91789;78836;3106;75730;33441;25799;0;5802;2356;0;7492;840
01;020;Süderdithmarschen;49950;41351;1924;39427;19662;12117;0;2065;2378;0;2891;314
01;021;Südtondern;36577;28767;1271;27496;14268;5361;0;1715;1178;0;1874;3100
02;022;Hamburg, Freie und Hansestadt;1328657;1111378;29927;1081451;396069;506286;0;99885;50414;0;15674;13123
03;023;Hameln, Stadt;36444;30753;898;29855;10407;10748;0;1356;4527;43;2072;702
03;024;Hannover, Landeshauptstadt;406889;338612;9400;329212;112119;148337;0;27210;22221;302;11586;7437
03;025;Grafschaft Diepholz;48600;39863;1531;38332;10171;7129;0;3881;10933;50;4054;2114
03;026;Grafschaft Hoya;77685;66232;2561;63671;23764;14887;0;2337;14302;54;5655;2672
03;027;Grafschaft Schaumburg;55046;48072;1452;46620;13277;18980;0;2385;4613;23;6063;1279
03;028;Hameln-Pyrmont;55833;48238;1450;46788;13267;17807;0;1770;7164;34;5884;862
03;029;Hannover;111482;97828;2992;94836;31514;43659;0;5454;6891;71;5572;1675
03;030;Neustadt am Rübenberge;46724;40217;1708;38509;11171;13701;0;1794;6968;28;3932;915
03;031;Nienburg (Weser);69060;58015;2015;56000;14769;17684;0;3040;10978;137;5513;3879
03;032;Schaumburg-Lippe;55007;46927;1393;45534;12618;20501;0;3192;3229;50;4132;1812
03;033;Springe;42556;37468;1130;36338;10026;14660;0;1316;4542;57;5027;710
03;034;Hildesheim, Stadt;60798;50942;1318;49624;22953;17148;0;3282;2343;215;2605;1078
03;035;Alfeld (Leine);58273;51851;1366;50485;14336;21215;0;2667;5010;27;6028;1202
03;036;Duderstadt;25555;22865;696;22169;15038;3269;0;692;1442;32;1555;141
03;037;Einbeck;29398;25676;764;24912;6295;9790;0;2240;2581;19;2552;1435
03;038;Göttingen;39731;34656;1147;33509;10659;12918;0;3481;2897;26;2815;713
03;039;Göttingen, Stadt;53874;42636;969;41667;18568;12683;0;4290;3033;25;1960;1108
03;040;Hildesheim-Marienburg;74290;65988;2076;63912;24740;22084;0;2269;4152;431;9182;1054
03;041;Holzminden;59102;51415;1568;49847;14287;20650;0;4116;3474;18;5815;1487
03;042;Münden;30322;26004;925;25079;7499;10905;0;1662;2465;4;2038;506
03;043;Northeim;63667;55718;1799;53919;14696;20929;0;4864;6821;13;5351;1245
03;044;Osterode am Harz;59071;51254;1671;49583;18692;19954;0;2929;2286;21;3903;1798
03;045;Peine;68130;60011;1955;58056;18694;22894;0;2382;7631;46;5394;1015
03;046;Zellerfeld;24771;20608;674;19934;8312;7782;0;1388;741;10;936;765
03;047;Celle, Stadt;39943;32227;1255;30972;12737;9102;0;1993;2863;40;1585;2652
03;048;Lüneburg, Stadt;39026;31737;988;30749;13486;9553;0;2518;2243;20;1756;1173
03;049;Wolfsburg, Stadt;31228;26196;807;25389;12412;7492;0;1631;738;10;2405;701
03;050;Burgdorf;74535;64358;2562;61796;20585;21940;0;2376;9053;84;6046;1712
03;051;Celle;60913;52344;2243;50101;16342;11664;0;2263;7215;86;6709;5822
03;052;Fallingbostel;41407;35346;1392;33954;9039;9710;0;2208;6868;64;4319;1746
03;053;Gifhorn;77066;66810;2634;64176;21954;13602;0;2232;15197;70;9185;1936
03;054;Harburg;75177;62835;2447;60388;18786;16405;0;3667;14645;114;4275;2496
03;055;Lüchow-Dannenberg;39342;33241;1392;31849;11613;6026;0;1186;7834;415;4148;627
03;056;Lüneburg;37697;31380;1236;30144;9334;7641;0;1390;6761;31;3688;1299
03;057;Soltau;37235;31565;1245;30320;10418;6378;0;1468;8346;36;2936;738
03;058;Uelzen;67854;58532;1934;56598;19726;14455;0;2994;10809;78;6858;1678
03;059;Cuxhaven, Stadt;30275;23306;767;22539;6928;9383;0;2099;1720;15;1030;1364
03;060;Bremervörde;44805;38743;1530;37213;8762;7092;0;1414;15743;128;3352;722
03;061;Land Hadeln;42031;34782;1325;33457;8628;9948;0;1798;8945;92;2883;1163
03;062;Osterholz;43751;37086;1488;35598;11231;12052;0;828;7799;27;3138;523
03;063;Rotenburg (Hannover);34118;29009;1032;27977;9124;6886;0;1221;7472;77;2582;615
03;064;Stade;86974;72752;2761;69991;17393;21774;0;3736;19853;45;6027;1163
03;065;Verden;54439;45801;1687;44114;15306;13956;0;1500;8646;36;3670;1000
03;066;Wesermünde;47365;40551;1610;38941;9259;11024;0;1435;12637;18;3778;790
03;067;Osnabrück, Stadt;93124;78213;2144;76069;34918;24723;0;4678;6037;1168;3257;1288
03;068;Aschendorf-Hümmling;40326;35365;936;34429;28871;3204;0;188;784;294;950;138
03;069;Bersenbrück;53337;46168;1506;44662;22566;12563;0;1922;2918;1042;2961;690
03;070;Grafschaft Bentheim;61204;51702;1580;50122;23952;14227;0;2636;4928;73;2009;2297
03;071;Lingen;40953;36496;1086;35410;25680;5292;0;501;733;1551;1486;167
03;072;Melle;27242;23439;608;22831;8958;6636;0;926;3046;47;2437;781
03;073;Meppen;36927;32541;760;31781;24419;3426;0;257;819;780;1827;253
03;074;Osnabrück;76946;67729;2156;65573;36399;16197;0;1990;3281;1364;5580;762
03;075;Wittlage;18607;15681;472;15209;5608;3789;0;788;2931;73;1372;648
03;076;Emden, Stadt;29620;24286;668;23618;7088;12524;0;1434;1376;9;611;576
03;077;Aurich (Ostfriesland);46262;34964;995;33969;13416;14598;0;1381;1908;12;1686;968
03;078;Leer;80923;64106;1911;62195;30079;23888;0;2546;1936;45;2368;1333
03;079;Norden;49011;39730;1481;38249;11394;19446;0;2209;2380;6;1812;1002
03;080;Wittmund;33057;24381;1056;23325;10263;6455;0;2705;1881;17;1461;543
03;081;Braunschweig, Stadt;181185;148048;3436;144612;57778;58597;0;9433;10920;137;5069;2678
03;082;Goslar, Stadt;29085;24036;832;23204;12475;6391;0;990;1709;10;1132;497
03;083;Salzgitter, Stadt;68069;58709;2007;56702;30138;17192;0;1798;2249;21;4283;1021
03;084;Blankenburg;10345;8853;289;8564;3470;3431;0;574;330;5;624;130
03;085;Braunschweig;45311;39798;1333;38465;13079;12982;0;1809;4337;12;4938;1308
03;086;Gandersheim;55185;48595;1579;47016;17836;18795;0;2177;3625;13;3464;1106
03;087;Goslar;29405;26049;935;25114;10689;9158;0;484;1733;17;2616;417
03;088;Helmstedt;82950;72824;2473;70351;33116;22738;0;2317;4803;34;5966;1377
03;089;Wolfenbüttel;94003;80165;2300;77865;34944;26995;0;3156;5718;47;5391;1614
03;090;Delmenhorst, Stadt;38147;32382;1362;31020;12120;12847;0;1614;1116;13;2226;1084
03;091;Oldenburg (Oldenburg), Stadt;82084;67367;1847;65520;25606;17887;0;7439;4547;23;5618;4400
03;092;Wilhelmshaven, Stadt;68111;57707;1556;56151;23024;25538;0;3483;1912;14;1118;1062
03;093;Ammerland;43857;35938;1272;34666;11006;6832;0;5544;6654;8;2606;2016
03;094;Cloppenburg;55359;49062;1286;47776;36978;4938;0;461;1856;586;2638;319
03;095;Friesland;54648;44574;1914;42660;14243;15118;0;6750;2970;11;2343;1225
03;096;Oldenburg (Oldenburg);45634;38958;1393;37565;15454;8925;0;3614;3450;19;3926;2177
03;097;Vechta;45621;41011;767;40244;30815;2901;0;335;929;2390;2532;342
03;098;Wesermarsch;64858;54679;1957;52722;17821;19065;0;4705;5027;20;3214;2870
04;099;Bremen, Stadt;371685;316571;12404;304167;92737;144130;0;17924;37718;0;6089;5569
04;100;Bremerhaven, Stadt;95565;76596;2954;73642;19776;33937;0;3331;14009;0;1702;887
05;101;Düsseldorf, Stadt;474097;385434;12998;372436;200839;121292;0;27926;7917;2095;9361;3006
05;102;Duisburg, Stadt;342161;278472;13698;264774;130817;107362;0;15190;2639;1365;5062;2339
05;103;Essen, Stadt;504718;408024;12850;395174;185533;174406;0;20744;4215;2958;4863;2455
05;104;Krefeld, Stadt;144708;118615;3960;114655;64472;35733;0;8807;1751;382;2705;805
05;105;Leverkusen, Stadt;57581;46659;1606;45053;25024;14524;0;3295;470;85;1281;374
05;106;Mönchengladbach, Stadt;100614;82040;2710;79330;54451;16783;0;3942;972;930;1640;612
05;107;Mülheim an der Ruhr, Stadt;124264;102235;3276;98959;43186;43930;0;7916;1439;152;1545;791
05;108;Neuss, Stadt;56570;46140;1501;44639;28800;10708;0;2172;668;191;1732;368
05;109;Oberhausen, Stadt;166208;137380;6705;130675;70502;48229;0;5189;1238;2011;1811;1695
05;110;Remscheid, Stadt;87828;72312;2274;70038;34538;24224;0;7895;1036;91;1627;627
05;111;Rheydt, Stadt;63264;51915;2082;49833;29651;13505;0;3284;945;1077;937;434
05;112;Solingen, Stadt;122263;103241;3586;99655;47902;38123;0;8979;1538;116;1876;1121
05;113;Viersen, Stadt;28257;23931;861;23070;13846;6761;0;1154;444;185;506;174
05;114;Wuppertal, Stadt;302710;240395;8418;231977;115095;83151;0;19922;5330;1726;5011;1742
05;115;Dinslaken;68245;56846;1776;55070;23844;25585;0;3486;486;401;887;381
05;116;Düsseldorf-Mettmann;200602;165323;4382;160941;83479;55508;0;11399;2958;1252;4759;1586
05;117;Geldern;48962;43881;1032;42849;34087;5846;0;1436;341;321;662;156
05;118;Grevenbroich;108369;91579;2737;88842;59625;19063;0;3782;1289;780;3783;520
05;119;Kempen-Krefeld;129680;111142;3512;107630;69695;26009;0;4955;1015;1753;3541;662
05;120;Kleve;57506;50579;1128;49451;35168;10266;0;2287;479;384;572;295
05;121;Moers;190663;160579;4202;156377;77820;63711;0;8455;1382;688;3195;1126
05;122;Rees;58111;49666;1233;48433;26902;13692;0;5210;577;1084;803;165
05;123;Rhein-Wupper-Kreis;118279;99105;2722;96383;53547;27199;0;8122;1501;258;4797;959
05;124;Bonn, Stadt;100171;73514;2937;70577;44451;15018;0;6093;2169;187;1885;774
05;125;Köln, Stadt;536459;417836;17265;400571;226977;131298;0;26264;5163;548;6477;3844
05;126;Bergheim (Erft);66397;57694;2058;55636;31339;19877;0;2358;463;107;1235;257
05;127;Bonn;120179;99733;3896;95837;64435;18994;0;6566;1857;393;2754;838
05;128;Euskirchen;66087;57071;2111;54960;36722;12425;0;2922;513;218;1669;491
05;129;Köln;122264;102687;3204;99483;57635;32589;0;4817;859;105;2802;676
05;130;Oberbergischer Kreis;87578;73099;2156;70943;35277;20447;0;7683;2400;213;3291;1632
05;131;Rheinisch-Bergischer Kreis;125645;106414;3112;103302;65569;25062;0;6539;1033;449;3943;707
05;132;Rhein-Sieg-Kreis;152699;129446;4396;125050;81136;27331;0;6261;2053;2379;4897;993
05;133;Aachen, Stadt;110726;90538;2767;87771;53858;25235;0;5292;1313;192;1341;540
05;134;Aachen;165725;142805;5214;137591;83787;44135;0;5318;1223;510;1703;915
05;135;Düren;90594;77689;2391;75298;50566;19024;0;3281;815;246;812;554
05;136;Erkelenz;51493;44291;1568;42723;30197;8312;0;2336;574;216;941;147
05;137;Jülich;43196;37866;1104;36762;25325;8737;0;1548;328;305;349;170
05;138;Monschau;17461;15683;513;15170;12089;1505;0;804;109;374;231;58
05;139;Schleiden;39866;35184;1054;34130;28214;3107;0;1681;291;142;534;161
05;140;Selfkantkreis Geilenkirchen-Heinsberg;73085;63770;2172;61598;45662;11210;0;2009;1374;179;953;211
05;141;Bocholt, Sadt;27462;23579;735;22844;14466;6101;0;974;113;798;310;82
05;142;Bottrop, Stadt;72102;61615;1816;59799;30683;26149;0;1569;305;314;469;310
05;143;Gelsenkirchen, Stadt;265543;217514;8661;208853;93897;97821;0;8810;1262;1499;3515;2049
05;144;Gladbeck, Stadt;54336;46791;1662;45129;21285;21218;0;1501;251;160;532;182
05;145;Münster (Westf.), Stadt;108396;88038;2605;85433;52683;18915;0;7051;2031;1750;2139;864
05;146;Recklinghausen, Stadt;85239;71597;2331;69266;35083;27485;0;3780;509;284;1813;312
05;147;Ahaus;61494;54692;1297;53395;39981;7833;0;1035;621;1410;2289;226
05;148;Beckum;95803;82795;2132;80663;50773;21856;0;2342;923;943;3440;386
05;149;Borken;47848;42889;1095;41794;32608;4738;0;1308;309;1528;1126;177
05;150;Coesfeld;49428;43774;872;42902;31053;5966;0;881;430;2664;1731;177
05;151;Lüdinghausen;79618;69463;1889;67574;44733;17487;0;1748;818;855;1477;456
05;152;Münster;57932;50244;1277;48967;32572;8650;0;1794;879;3015;1722;335
05;153;Recklinghausen;194492;165762;4170;161592;88960;60753;0;5007;1032;1621;3275;944
05;154;Steinfurt;101139;89080;2389;86691;56451;18453;0;2188;2605;3616;2823;555
05;155;Tecklenburg;76555;65628;2639;62989;33147;17241;0;4489;2157;2251;3205;499
05;156;Warendorf;36633;32788;863;31925;22995;4414;0;1015;405;1490;1493;113
05;157;Bielefeld, Stadt;127416;108269;3529;104740;42882;45371;0;9342;1878;169;3143;1955
05;158;Herford, Stadt;39592;33385;1255;32130;13992;13748;0;2363;659;14;953;401
05;159;Bielefeld;80403;70409;2024;68385;26376;32119;0;4628;1615;55;2797;795
05;160;Büren;36801;32247;843;31404;21630;4070;0;581;1115;1848;2027;133
05;161;Detmold;95640;81055;2676;78379;24376;33066;0;12091;3036;102;4292;1416
05;162;Halle (Westf.);39501;33718;1115;32603;14232;11648;0;3183;1158;35;1737;610
05;163;Herford;113400;98158;3130;95028;33993;47232;0;6410;2934;24;2982;1453
05;164;Höxter;57233;49681;1034;48647;33371;8411;0;1572;1467;1326;2151;349
05;165;Lemgo;90897;78459;2851;75608;23189;35374;0;9302;3147;33;3187;1376
05;166;Lübbecke;55940;47134;1677;45457;20017;16711;0;3789;1605;12;1841;1482
05;167;Minden;129785;109428;4249;105179;40081;46268;0;10768;1871;27;4139;2025
05;168;Paderborn;76666;65118;1595;63523;45177;10325;0;1996;1570;1993;2043;419
05;169;Warburg;29473;25548;628;24920;18252;3124;0;506;842;769;1288;139
05;170;Wiedenbrück;94734;81990;2078;79912;51879;16557;0;4825;1369;1017;3433;832
05;171;Bochum, Stadt;247857;206348;7753;198595;90870;90076;0;9923;2099;292;3720;1615
05;172;Castrop-Rauxel, Stadt;57718;49062;2365;46697;21697;21774;0;1492;446;52;937;299
05;173;Dortmund, Stadt;449309;366517;14848;351669;144298;172931;0;19339;5417;410;6286;2988
05;174;Hagen, Stadt;131225;107316;3639;103677;46605;43660;0;8486;1345;104;2259;1218
05;175;Hamm, Stadt;47664;38877;1638;37239;20274;11566;0;2855;492;396;785;871
05;176;Herne, Stadt;81989;69592;3137;66455;31197;30403;0;2757;546;66;1028;458
05;177;Iserlohn, Stadt;37874;30984;1157;29827;14846;10098;0;2635;495;534;943;276
05;178;Lüdenscheid, Stadt;40705;33231;1796;31435;14431;12128;0;3145;320;33;944;434
05;179;Lünen, Stadt;47123;40494;1729;38765;17461;18051;0;1599;432;14;961;247
05;180;Siegen, Stadt;32186;26118;811;25307;13271;6786;0;2961;916;58;916;399
05;181;Wanne-Eickel, Stadt;72569;60191;3173;57018;25715;27006;0;2226;461;64;848;698
05;182;Wattenscheid, Stadt;54074;45505;2393;43112;19930;20149;0;1542;323;56;858;254
05;183;Witten, Stadt;66932;56735;2599;54136;21695;26543;0;3052;743;61;1393;649
05;184;Altena;107669;88740;3252;85488;37566;32245;0;9280;2057;413;2555;1372
05;185;Arnsberg;81841;69769;1854;67915;43423;17285;0;3326;601;1136;1410;734
05;186;Brilon;45091;39327;1031;38296;26870;6295;0;1380;649;1320;1618;164
05;187;Ennepe-Ruhr-Kreis;173488;145390;4503;140887;57016;64106;0;12323;2186;214;3181;1861
05;188;Iserlohn;120261;100503;2388;98115;50478;34834;0;6001;1313;1537;3212;740
05;189;Lippstadt;59018;50853;1538;49315;29965;11670;0;2209;719;786;3657;309
05;190;Meschede;47270;40571;954;39617;28806;6692;0;1474;449;259;1504;433
05;191;Olpe;57793;50529;1160;49369;36376;9049;0;1222;613;1155;696;258
05;192;Siegen;103365;86251;1979;84272;42522;25254;0;8854;2375;121;4122;1024
05;193;Soest;66714;55331;1807;53524;30212;11104;0;4416;2193;1559;2564;1476
05;194;Unna;143303;123761;3808;119953;49302;56156;0;6838;1394;395;3011;2857
05;195;Wittgenstein;27182;22764;592;22172;9821;7593;0;2721;882;7;963;185
06;196;Darmstadt, Stadt;88566;72750;3669;69081;28858;26104;0;9117;2221;0;1993;788
06;197;Gießen, Stadt;40650;33670;1200;32470;15511;10447;0;2784;1760;0;1631;337
06;198;Offenbach am Main, Stadt;78797;65354;3392;61962;24424;27623;0;3099;5080;0;1358;378
06;199;Alsfeld;38721;32230;1115;31115;11270;9789;0;2699;3772;0;3295;290
06;200;Bergstraße;119064;102735;5042;97693;47382;35725;0;7214;1369;0;4885;1118
06;201;Büdingen;56170;47050;2245;44805;14012;17840;0;2627;5859;0;3623;844
06;202;Darmstadt;62503;55183;3535;51648;17383;25114;0;4680;1518;0;2197;756
06;203;Dieburg;61533;55036;2824;52212;23710;22139;0;2456;967;0;2117;823
06;204;Erbach;44650;38282;1975;36307;13263;16824;0;2450;1098;0;1490;1182
06;205;Friedberg;98755;85477;4267;81210;29260;33754;0;4901;5419;0;5961;1915
06;206;Gießen;68959;60390;2708;57682;18610;22292;0;5072;4828;0;5984;896
06;207;Groß-Gerau;100493;88532;5838;82694;30671;39901;0;4471;2607;0;4152;892
06;208;Lauterbach;31442;26098;1112;24986;8328;7429;0;2707;3502;0;2517;503
06;209;Offenbach;111931;99502;5114;94388;41695;39775;0;5630;1999;0;4615;674
06;210;Fulda, Stadt;31396;26823;1157;25666;16962;4998;0;1617;258;0;1584;247
06;211;Kassel, Stadt;141202;120569;6380;114189;38584;51697;0;10076;10361;0;2518;953
06;212;Marburg a.d. Lahn, Stadt;26441;20936;747;20189;8810;5904;0;2810;1563;0;825;277
06;213;Eschwege;47035;40543;2066;38477;11554;16262;0;4817;2382;0;3067;395
06;214;Frankenberg;32124;26748;1216;25532;10128;6503;0;4342;1746;0;2279;534
06;215;Fritzlar-Homberg;52723;45941;2031;43910;12068;19495;0;2161;6862;0;2653;671
06;216;Fulda;61998;55911;1818;54093;40130;7664;0;1694;605;0;3608;392
06;217;Hersfeld;49556;42437;2388;40049;13193;18268;0;4039;1733;0;1838;978
06;218;Hofgeismar;41110;35748;1836;33912;8749;14276;0;2550;4702;0;3417;218
06;219;Hünfeld;23018;20396;708;19688;13551;2863;0;1194;254;0;1626;200
06;220;Kassel;49604;44828;2328;42500;8844;26479;0;2341;3041;0;1084;711
06;221;Marburg;61928;52641;2567;50074;18547;16946;0;4229;6579;0;3225;548
06;222;Melsungen;32075;27871;1603;26268;5913;12204;0;2579;3023;0;2232;317
06;223;Rotenburg;38979;33540;1707;31833;11436;12729;0;2342;3252;0;1716;358
06;224;Waldeck;59066;48301;1948;46353;16804;13172;0;6359;4997;0;3903;1118
06;225;Witzenhausen;36010;31399;1728;29671;9382;13519;0;2171;2032;0;2246;321
06;226;Wolfhagen;24996;21404;1056;20348;6003;8528;0;1318;2365;0;1521;613
06;227;Ziegenhain;36857;31671;1294;30377;9198;10788;0;2835;3696;0;3348;512
06;228;Frankfurt am Main, Stadt;482630;378875;15076;363799;148331;150217;0;35943;11593;0;11291;6424
06;229;Hanau, Stadt;30847;25999;1624;24375;9576;10410;0;2145;748;0;1032;464
06;230;Wiesbaden, Landeshauptstadt;181174;144608;7528;137080;61429;48266;0;17059;3322;0;4912;2092
06;231;Biedenkopf;37844;31441;1344;30097;11067;10976;0;2054;3206;0;2490;304
06;232;Dillkreis;59901;48078;2523;45555;22209;12623;0;3077;4516;0;2814;316
06;233;Gelnhausen;53994;47669;2706;44963;20317;15064;0;3088;1203;0;3919;1372
06;234;Hanau;60095;53653;3343;50310;17214;26055;0;2543;1126;0;2690;682
06;235;Limburg;56366;49617;2371;47246;30553;10325;0;2004;1006;0;2713;645
06;236;Main-Taunus-Kreis;79900;69176;4089;65087;30870;23235;0;4182;1531;0;4434;835
06;237;Oberlahnkreis;39081;33711;1773;31938;11124;11871;0;2484;1982;0;3835;642
06;238;Obertaunuskreis;67835;56453;2655;53798;25192;17758;0;4694;2730;0;2706;718
06;239;Rheingaukreis;39287;34112;1741;32371;19795;7798;0;1537;475;0;2387;379
06;240;Schlüchtern;28423;24298;997;23301;10289;7527;0;3116;555;0;1248;566
06;241;Untertaunuskreis;36090;30321;1580;28741;11144;9071;0;3665;1665;0;2624;572
06;242;Usingen;18565;15966;937;15029;5350;5906;0;1016;1066;0;900;791
06;243;Wetzlar;94472;80886;4559;76327;21512;33097;0;9850;3338;0;7641;889
07;244;Koblenz, Stadt;61355;50398;1525;48873;28048;14401;0;4556;556;0;749;563
07;245;Ahrweiler;54620;47485;1507;45978;36656;5970;0;1849;480;0;759;264
07;246;Altenkirchen (Westerwald);72128;62942;1434;61508;37233;15201;0;5583;2295;0;781;415
07;247;Birkenfeld;58917;46255;1751;44504;14026;16665;0;8570;578;0;671;3994
07;248;Cochem;29155;25530;755;24775;20811;2424;0;833;340;0;255;112
07;249;Koblenz;48882;42449;1438;41011;24169;12814;0;2766;245;0;694;323
07;250;Kreuznach;84169;71029;2390;68639;28866;24051;0;11112;666;0;1264;2680
07;251;Mayen;77642;68566;2253;66313;45677;16579;0;2595;483;0;678;301
07;252;Neuwied;90046;77057;2159;74898;40097;23845;0;8183;634;0;1319;820
07;253;Sankt Goar;33750;28599;820;27779;19163;5276;0;2054;240;0;424;622
07;254;Simmern;27171;23730;452;23278;11102;4468;0;5675;500;0;538;995
07;255;Zell (Mosel);24783;21250;963;20287;13136;2865;0;2886;360;0;538;502
07;256;Trier, Stadt;58412;46342;2799;43543;25406;12356;0;3526;1054;0;483;718
07;257;Bernkastel;36918;30867;1379;29488;18685;4687;0;4193;409;0;469;1045
07;258;Bitburg;36242;30756;1585;29171;22195;4497;0;1734;240;0;295;210
07;259;Daun;25605;22396;815;21581;17937;2060;0;995;205;0;232;152
07;260;Prüm;25215;21760;993;20767;17033;2235;0;1000;173;0;181;145
07;261;Saarburg;29412;25446;1457;23989;17503;3621;0;1799;229;0;405;432
07;262;Trier;56257;49353;2844;46509;32498;9417;0;2346;1214;0;344;690
07;263;Wittlich;34240;29503;1120;28383;21658;3546;0;2069;225;0;589;296
07;264;Oberwesterwaldkreis;43505;37129;1442;35687;19456;10264;0;3761;1208;0;530;468
07;265;Loreleykreis;38328;31512;1242;30270;15640;9398;0;3872;532;0;385;443
07;266;Unterlahnkreis;38622;31828;1323;30505;11628;11799;0;4054;726;0;1149;1149
07;267;Unterwesterwaldkreis;49452;43807;1842;41965;28659;9129;0;2949;395;0;552;281
07;268;Mainz, Stadt;86471;71254;2367;68887;31256;28077;0;5935;971;0;1059;1589
07;269;Worms, Stadt;41640;34819;1699;33120;12570;15246;0;3045;416;0;489;1354
07;270;Alzey;41433;34262;1402;32860;11211;12214;0;5186;690;0;524;3035
07;271;Bingen;47745;39953;1651;38302;18201;12677;0;4121;776;0;465;2062
07;272;Mainz;46142;39700;1886;37814;16524;14372;0;3647;608;0;340;2323
07;273;Worms;31821;27475;1436;26039;9452;10665;0;2357;625;0;371;2569
07;274;Frankenthal (Pfalz), Stadt;21820;18228;871;17357;7364;7688;0;1406;165;0;271;463
07;275;Kaiserslautern, Stadt;57298;45016;1960;43056;18045;16356;0;4677;910;0;967;2101
07;276;Landau in der Pfalz, Stadt;18276;14904;594;14310;7083;4201;0;1853;513;0;351;309
07;277;Ludwigshafen am Rhein, Stadt;110469;84879;3624;81255;33153;37194;0;7579;891;0;875;1563
07;278;Neustadt an der Weinstraße, Stadt;21283;17537;470;17067;7589;5949;0;2191;587;0;283;468
07;279;Pirmasens, Stadt;35518;29661;927;28734;12606;11885;0;2710;353;0;281;899
07;280;Speyer, Stadt;24405;20009;911;19098;9030;7384;0;1771;236;0;330;347
07;281;Zweibrücken, Stadt;21345;17520;772;16748;6797;6460;0;2014;150;0;242;1085
07;282;Bergzabern;29208;25053;1106;23947;12149;7309;0;3287;543;0;191;468
07;283;Frankenthal (Pfalz);36316;31945;1282;30663;12516;12613;0;2168;383;0;442;2541
07;284;Germersheim;47923;41809;2178;39631;23335;11171;0;3307;412;0;339;1067
07;285;Kaiserslautern;62048;52087;2375;49712;24654;16775;0;4224;777;0;1154;2128
07;286;Kirchheimbolanden;22994;19625;688;18937;7045;7807;0;1105;207;0;573;2200
07;287;Kusel;49505;39316;2016;37300;11828;17833;0;4317;656;0;521;2145
07;288;Landau in der Pfalz;40198;35011;1628;33383;18893;8457;0;3814;1004;0;246;969
07;289;Ludwigshafen am Rhein;27189;23379;1324;22055;8270;10254;0;2080;214;0;269;968
07;290;Neustadt an der Weinstraße;63501;53731;1826;51905;22765;19241;0;5904;1351;0;644;2000
07;291;Pirmasens;48794;43807;1764;42043;26975;11042;0;2709;210;0;376;731
07;292;Rockenhausen;27854;23065;705;22360;7337;8332;0;3284;202;0;286;2919
07;293;Speyer;22259;19578;879;18699;12039;5473;0;672;65;0;268;182
07;294;Zweibrücken;18742;15439;706;14733;6568;5134;0;1990;81;0;125;835
08;295;Heilbronn, Stadt;56134;46432;1604;44828;14254;18136;0;10156;395;0;1481;406
08;296;Stuttgart, Landeshauptstadt;432459;328368;10926;317442;126478;105702;0;67212;5204;0;9384;3462
08;297;Ulm, Universitätsstadt;62835;50251;1607;48644;24262;13922;0;7652;733;0;1618;457
08;298;Aalen;86329;75115;3285;71830;46044;13596;0;5118;583;0;5975;514
08;299;Backnang;55371;43719;2153;41566;19120;11142;0;8186;500;0;2120;498
08;300;Böblingen;80108;65126;4100;61026;31346;15782;0;7863;591;0;4855;589
08;301;Crailsheim;40857;30471;1769;28702;14086;5297;0;6985;448;0;1716;170
08;302;Esslingen;117662;95868;4164;91704;42938;26661;0;12943;901;0;7368;893
08;303;Göppingen;129340;108034;4896;103138;50355;28726;0;14635;975;0;7840;607
08;304;Heidenheim;70538;57789;2765;55024;28749;15151;0;7022;424;0;3354;324
08;305;Heilbronn;101815;85207;4491;80716;30594;23739;0;21648;515;0;3633;587
08;306;Künzelsau;19419;16310;614;15696;8967;2155;0;3109;156;0;1240;69
08;307;Leonberg;56028;45180;2433;42747;20081;11519;0;6949;315;0;3310;573
08;308;Ludwigsburg;146475;119625;5696;113929;46762;35268;0;20898;988;0;8094;1919
08;309;Mergentheim;25780;21204;989;20215;11814;2085;0;4777;128;0;1324;87
08;310;Nürtingen;80530;65623;3498;62125;28414;16756;0;8918;1114;0;5939;984
08;311;Öhringen;27593;21143;1212;19931;6640;4281;0;7123;295;0;1456;136
08;312;Schwäbisch Gmünd;62955;52990;2137;50853;29098;9361;0;5728;376;0;5896;394
08;313;Schwäbisch Hall;37191;29497;1341;28156;13188;5665;0;6115;1213;0;1719;256
08;314;Ulm;50870;42540;2089;40451;25243;7684;0;4549;358;0;2278;339
08;315;Vaihingen;46263;36635;2175;34460;13932;8978;0;7294;248;0;3667;341
08;316;Waiblingen;112512;90281;4063;86218;35799;22131;0;19909;716;0;5711;1952
08;317;Heidelberg, Stadt;85153;66082;2010;64072;31787;18979;0;8975;830;0;2608;893
08;318;Karlsruhe, Stadt;160264;122030;5804;116226;61806;38140;0;9813;1608;0;3354;1505
08;319;Mannheim, Universitätsstadt;211629;164443;6472;157971;69044;67344;0;14630;2514;0;3111;1328
08;320;Pforzheim, Stadt;53322;42140;2367;39773;18740;12501;0;6240;392;0;1380;520
08;321;Bruchsal;73507;61306;4160;57146;38939;12179;0;3330;258;0;1877;563
08;322;Buchen;40336;34233;1600;32633;22542;3471;0;3388;150;0;2965;117
08;323;Heidelberg;90303;76570;3620;72950;38474;19820;0;8728;567;0;4472;889
08;324;Karlsruhe;102686;82840;6237;76603;42173;22656;0;6449;468;0;3589;1268
08;325;Mannheim;100981;86091;5153;80938;38619;28606;0;8663;1069;0;3163;818
08;326;Mosbach;40329;32654;2003;30651;16945;6145;0;5078;258;0;1906;319
08;327;Pforzheim;41071;33025;2572;30453;15134;10812;0;2776;197;0;1217;317
08;328;Sinsheim;50247;40249;2791;37458;17425;7998;0;7804;369;0;3281;581
08;329;Tauberbischofsheim;49869;42094;1905;40189;28356;5435;0;3373;301;0;2459;265
08;330;Baden-Baden, Stadt;28681;21748;1184;20564;11173;5339;0;2718;343;0;619;372
08;331;Freiburg im Breisgau, Stadt;87443;67549;2055;65494;33598;19019;0;7963;1664;0;2583;667
08;332;Bühl;49990;40236;2843;37393;27075;5640;0;2768;255;0;1314;341
08;333;Donaueschingen;39950;32363;1791;30572;17979;6560;0;4360;405;0;1068;200
08;334;Emmendingen;62110;49556;2862;46694;25910;12437;0;5725;513;0;1746;363
08;335;Freiburg;44598;35418;1834;33584;20531;6400;0;4794;407;0;1069;383
08;336;Hochschwarzwald;26050;21126;1253;19873;12365;3575;0;3186;192;0;482;73
08;337;Kehl;34188;24087;1502;22585;9387;6680;0;4657;431;0;968;462
08;338;Konstanz;97596;74191;3413;70778;40777;18314;0;6527;1962;0;2782;416
08;339;Lahr;50587;40661;2419;38242;21926;8052;0;5507;609;0;1846;302
08;340;Lörrach;83192;63228;3587;59641;30038;17754;0;7859;950;0;2502;538
08;341;Müllheim;33301;25861;1374;24487;12852;6178;0;3937;297;0;1077;146
08;342;Offenburg;61758;51264;2608;48656;30458;10882;0;4632;773;0;1585;326
08;343;Rastatt;72651;59005;4331;54674;33291;14474;0;3742;445;0;1719;1003
08;344;Säckingen;39132;31443;1596;29847;18164;6809;0;2452;400;0;1795;227
08;345;Stockach;28325;23528;1231;22297;14440;3767;0;2441;389;0;1156;104
08;346;Überlingen;35111;28569;1283;27286;18737;3816;0;3142;404;0;1038;149
08;347;Villingen;48824;39476;2129;37347;21764;8004;0;4923;616;0;1597;443
08;348;Waldshut;39243;31525;1657;29868;18977;5392;0;3818;357;0;1193;131
08;349;Wolfach;32603;27364;1829;25535;15848;5156;0;3431;238;0;683;179
08;350;Balingen;63415;48889;1936;46953;21051;14157;0;8290;657;0;2519;279
08;351;Biberach;59848;52344;1638;50706;40381;5549;0;2937;506;0;1207;126
08;352;Calw;73337;53324;3454;49870;21630;14846;0;10545;697;0;1659;493
08;353;Ehingen;26006;23105;711;22394;17883;2574;0;1038;186;0;669;44
08;354;Freudenstadt;37286;27098;1419;25679;9162;7977;0;6403;737;0;906;494
08;355;Hechingen;32760;27146;1298;25848;16755;5436;0;2394;206;0;926;131
08;356;Horb;26570;21396;1436;19960;11536;3909;0;3153;251;0;849;262
08;357;Münsingen;23955;19796;651;19145;10285;2443;0;4969;422;0;959;67
08;358;Ravensburg;63635;54361;1829;52532;38444;8079;0;3596;679;0;1413;321
08;359;Reutlingen;99975;80483;3533;76950;34670;22565;0;14965;918;0;3295;537
08;360;Rottweil;79355;65659;2951;62708;34045;15578;0;8002;607;0;2324;2152
08;361;Saulgau;41089;36373;1257;35116;28357;3142;0;2035;352;0;1116;114
08;362;Sigmaringen;29002;25049;939;24110;18481;2732;0;1437;450;0;941;69
08;363;Tettnang;42123;35889;1430;34459;23743;6436;0;2367;445;0;1001;467
08;364;Tübingen;72023;55720;2366;53354;24411;15227;0;10639;782;0;1747;548
08;365;Tuttlingen;50299;42198;1902;40296;22173;9630;0;4785;786;0;2196;726
08;366;Wangen;43043;37811;1141;36670;28758;4225;0;1783;342;0;1340;222
09;367;Bad Reichenhall, Stadt;10242;8019;292;7727;0;1777;4183;429;83;503;660;92
09;368;Freising, Stadt;17494;14606;465;14141;0;4272;7403;756;49;697;868;96
09;369;Ingolstadt, Stadt;31712;25655;711;24944;0;8393;13347;678;344;619;1361;202
09;370;Landsberg a. Lech, Stadt;7930;6259;179;6080;0;1492;3253;223;92;330;534;156
09;371;München, Landeshauptstadt;727650;531830;14958;516872;0;209230;230048;27918;4458;19516;19525;6177
09;372;Rosenheim, Stadt;21963;17985;485;17500;0;6882;8118;587;146;788;836;143
09;373;Traunstein, Stadt;9946;7815;235;7580;0;1868;3604;888;161;528;391;140
09;374;Aichach;25558;23044;594;22450;0;3098;16003;255;321;1079;1563;131
09;375;Altötting;48705;42562;1589;40973;0;7761;24947;551;324;2019;5129;242
09;376;Bad Aibling;28888;24276;811;23465;0;6942;11954;674;126;1322;2322;125
09;377;Bad Tölz;25114;20198;707;19491;0;3967;11898;619;129;1078;1656;144
09;378;Berchtesgaden;24700;19680;777;18903;0;4051;10502;859;199;1432;1631;229
09;379;Dachau;42957;37080;1340;35740;0;9888;19874;662;246;2393;2329;348
09;380;Ebersberg;34423;29017;1078;27939;0;6632;14920;668;122;1797;3405;395
09;381;Erding;40882;34873;1478;33395;0;5913;19540;581;187;4600;2330;244
09;382;Freising;30839;26762;1058;25704;0;4991;15650;482;149;2375;1847;210
09;383;Fürstenfeldbruck;50426;41822;1463;40359;0;11784;20522;1072;310;2201;4028;442
09;384;Garmisch-Partenkirchen;37190;30001;1048;28953;0;5634;17373;1389;191;1828;2339;199
09;385;Ingolstadt;30087;26099;1076;25023;0;7205;14158;254;117;819;2327;143
09;386;Landsberg a. Lech;26251;22214;738;21476;0;3370;12249;387;250;2327;2619;274
09;387;Laufen;35277;30473;1073;29400;0;5382;17565;940;148;2471;2677;217
09;388;Miesbach;47368;37964;1401;36563;0;11652;17964;1611;423;1855;2720;338
09;389;Mühldorf a. Inn;39690;34982;1185;33797;0;6285;20379;526;178;2298;3947;184
09;390;München;66495;53042;1590;51452;0;16437;24871;2714;457;2192;4154;627
09;391;Pfaffenhofen a.d. Ilm;33048;28165;947;27218;0;5196;17409;300;205;1561;2351;196
09;392;Rosenheim;52968;44716;1443;43273;0;11426;23948;1152;442;2775;3235;295
09;393;Schongau;24360;21305;658;20647;0;4873;11399;306;61;1944;1901;163
09;394;Schrobenhausen;19128;16792;425;16367;0;2723;10918;103;173;534;1824;92
09;395;Starnberg;45523;36557;1059;35498;0;9437;18191;2717;372;1485;2759;537
09;396;Traunstein;53045;44168;1473;42695;0;9545;22292;1604;373;4952;3380;549
09;397;Wasserburg a. Inn;31882;27834;877;26957;0;5055;16192;389;317;3350;1461;193
09;398;Weilheim i. OB;44984;38157;1279;36878;0;11889;18534;976;230;2189;2820;240
09;399;Wolfratshausen;27841;23327;790;22537;0;5528;12145;679;176;1142;2584;283
09;400;Deggendorf, Stadt;11352;8824;291;8533;0;2295;4909;162;29;294;786;58
09;401;Landshut, Stadt;33867;27253;938;26315;0;7941;13635;1098;200;916;2321;204
09;402;Passau, Stadt;21690;17779;417;17362;0;3940;11206;585;78;364;1103;86
09;403;Straubing, Stadt;23930;18927;761;18166;0;5622;9298;775;128;885;1318;140
09;404;Bogen;22607;18652;1122;17530;0;2604;11927;186;99;1552;1008;154
09;405;Deggendorf;33032;26799;1046;25753;0;5476;16790;290;110;1177;1785;125
09;406;Dingolfing;21827;18548;917;17631;0;3287;10603;222;106;1256;2059;98
09;407;Eggenfelden;33494;29033;1022;28011;0;3042;18860;238;201;2592;2948;130
09;408;Grafenau;17752;14677;631;14046;0;3483;9235;77;24;317;857;53
09;409;Griesbach i. Rottal;27636;23607;954;22653;0;3368;15075;198;133;1068;2717;94
09;410;Kelheim;33555;29526;1201;28325;0;8586;16109;502;66;692;2151;219
09;411;Kötzting;21711;17307;1016;16291;0;2945;10073;174;53;1538;1323;185
09;412;Landau a.d. Isar;21300;18300;701;17599;0;3459;10292;233;98;1464;1942;111
09;413;Landshut;24442;20925;957;19968;0;4028;12220;242;67;1259;2033;119
09;414;Mainburg;14123;12529;498;12031;0;2125;8169;172;45;648;813;59
09;415;Mallersdorf;20754;17839;909;16930;0;2995;10609;265;82;1127;1775;77
09;416;Passau;36984;31108;1116;29992;0;7099;19486;401;120;948;1839;99
09;417;Pfarrkirchen;34639;29070;1011;28059;0;3234;18274;316;570;2084;3457;124
09;418;Regen;27394;22143;861;21282;0;6527;11698;178;66;945;1776;92
09;419;Rottenburg a.d. Laaber;15239;13416;713;12703;0;1666;8381;195;51;1085;1262;63
09;420;Straubing;18762;16408;817;15591;0;2601;9540;165;66;1562;1562;95
09;421;Viechtach;19203;15066;743;14323;0;2557;9622;135;65;959;887;98
09;422;Vilsbiburg;25905;22181;838;21343;0;3074;12524;268;121;2915;2328;113
09;423;Vilshofen;35179;29193;1036;28157;0;4627;19286;557;126;1337;2095;129
09;424;Wegscheid;14311;12237;380;11857;0;1173;9273;116;26;167;1073;29
09;425;Wolfstein;25128;20339;719;19620;0;2776;14586;134;47;399;1633;45
09;426;Amberg, Stadt;27437;23173;474;22699;0;6189;13918;764;105;562;928;233
09;427;Neumarkt i.d. OPf., Stadt;9875;8690;259;8431;0;2491;4791;400;46;253;361;89
09;428;Regensburg, Stadt;83725;67490;2179;65311;0;21339;34607;3269;386;1564;3197;949
09;429;Schwandorf i. Bay., Stadt;9985;8957;373;8584;0;3678;4117;189;30;181;332;57
09;430;Weiden i.d. OPf., Stadt;27496;23608;742;22866;0;6646;13258;884;77;298;1476;227
09;431;Amberg;27620;25240;725;24515;0;5430;17189;534;63;393;808;98
09;432;Beilngries;11026;9984;330;9654;0;1071;7326;212;27;383;581;54
09;433;Burglengenfeld;28173;25784;1267;24517;0;10610;11990;357;93;547;757;163
09;434;Cham;24642;20686;893;19793;0;3903;13094;393;87;735;1167;414
09;435;Eschenbach i.d. OPf.;21533;19581;512;19069;0;4057;12705;428;45;292;1479;63
09;436;Kemnath;14059;12586;414;12172;0;2304;8563;332;35;249;633;56
09;437;Nabburg;17848;16094;409;15685;0;2312;11671;244;41;201;1153;63
09;438;Neumarkt i.d. OPf.;21700;19771;736;19035;0;2133;14664;437;36;648;1011;106
09;439;Neunburg vorm Wald;10768;9618;383;9235;0;1389;7081;120;19;104;489;33
09;440;Neustadt a.d. Waldnaab;33337;30300;1020;29280;0;8626;17377;1470;56;237;1395;119
09;441;Oberviechtach;9796;8357;286;8071;0;728;6465;133;24;183;460;78
09;442;Parsberg;22291;20326;843;19483;0;2796;14696;339;32;650;636;334
09;443;Regensburg;52651;46838;1939;44899;0;12260;27051;666;143;1423;2950;406
09;444;Riedenburg;11295;10290;465;9825;0;1235;7669;98;23;205;561;34
09;445;Roding;18271;15890;690;15200;0;2732;11258;159;24;421;551;55
09;446;Sulzbach-Rosenberg;21469;18033;647;17386;0;4338;9568;2204;72;163;933;108
09;447;Tirschenreuth;38026;34783;1174;33609;0;7740;21830;714;48;250;2835;192
09;448;Vohenstrauß;16952;15187;553;14634;0;3258;10175;431;27;175;503;65
09;449;Waldmünchen;11277;9737;390;9347;0;1526;6554;191;33;259;717;67
09;450;Bamberg, Stadt;52099;42303;1839;40464;0;10889;22251;1885;199;1351;2772;1117
09;451;Bayreuth, Stadt;41399;33664;1196;32468;0;11066;14941;2144;325;1106;2083;803
09;452;Coburg, Stadt;31776;26133;717;25416;0;7969;11815;3331;307;108;1576;310
09;453;Forchheim, Stadt;13547;11677;414;11263;0;2735;6397;507;47;462;994;121
09;454;Hof, Stadt;41613;34488;1315;33173;0;12576;15977;2120;394;121;1460;525
09;455;Kulmbach, Stadt;16434;14342;567;13775;0;5801;5480;782;68;67;1098;479
09;456;Marktredwitz, Stadt;11427;9654;333;9321;0;3340;4326;456;259;36;823;81
09;457;Neustadt b. Coburg, Stadt;8951;7907;289;7618;0;2769;3519;877;53;6;305;89
09;458;Selb, Stadt;13982;11580;436;11144;0;4395;5399;477;155;55;575;88
09;459;Bamberg;50893;46197;1894;44303;0;8565;29919;560;125;2120;2647;367
09;460;Bayreuth;31791;27495;994;26501;0;10064;11599;803;124;853;2543;515
09;461;Coburg;43833;38724;1253;37471;0;13592;15649;3526;261;100;3333;1010
09;462;Ebermannstadt;17329;15077;477;14600;0;1360;11175;379;48;400;906;332
09;463;Forchheim;27179;24013;910;23103;0;3040;17116;393;57;785;1242;470
09;464;Höchstadt a.d. Aisch;27581;24161;993;23168;0;4589;15230;540;65;727;1565;452
09;465;Hof;23518;20138;826;19312;0;7719;8929;950;221;105;1145;243
09;466;Kronach;52809;47595;1410;46185;0;15862;24207;1690;155;339;3652;280
09;467;Kulmbach;23657;20302;878;19424;0;6194;9606;646;53;196;2272;457
09;468;Lichtenfels;35682;31472;937;30535;0;7920;18561;1205;138;514;1933;264
09;469;Münchberg;30381;25597;958;24639;0;9111;10991;1803;463;303;1635;333
09;470;Naila;25770;22227;819;21408;0;8607;9960;810;339;258;1219;215
09;471;Pegnitz;24181;20793;694;20099;0;3739;13047;806;96;472;1695;244
09;472;Rehau;19910;17461;658;16803;0;5886;7326;643;646;105;2095;102
09;473;Stadtsteinach;14121;12414;836;11578;0;2758;7076;287;46;97;1170;144
09;474;Staffelstein;16598;14806;446;14360;0;1505;10106;332;57;582;1652;126
09;475;Wunsiedel;41529;35305;1503;33802;0;14649;14114;2357;328;249;1807;298
09;476;Ansbach, Stadt;22173;17672;815;16857;0;4307;9779;839;90;199;1394;249
09;477;Eichstätt, Stadt;7318;6003;181;5822;0;1307;3840;222;54;101;213;85
09;478;Erlangen, Stadt;40421;32385;1176;31209;0;9954;15167;2738;291;215;2051;793
09;479;Fürth, Stadt;71895;57919;2470;55449;0;24325;22381;4241;264;553;2700;985
09;480;Nürnberg, Stadt;315477;254248;9439;244809;0;103257;106588;19234;1710;2262;6454;5304
09;481;Rothenburg ob der Tauber, Stadt;7822;6276;278;5998;0;1889;2517;656;37;117;380;402
09;482;Schwabach, Stadt;15420;13175;410;12765;0;4651;5720;1428;83;82;494;307
09;483;Weißenburg i. Bay, Stadt;9745;8172;281;7891;0;2696;4120;422;41;24;472;116
09;484;Ansbach;32533;28073;1332;26741;0;3837;17963;1694;127;136;2564;420
09;485;Dinkelsbühl;23733;20494;608;19886;0;3143;15011;871;70;37;517;237
09;486;Eichstätt;18947;17491;566;16925;0;3097;12247;253;69;198;967;94
09;487;Erlangen;19111;16569;868;15701;0;4764;7722;786;101;145;1570;613
09;488;Feuchtwangen;22648;19546;752;18794;0;2163;14195;1119;59;74;1019;165
09;489;Fürth;39753;34758;1577;33181;0;11737;14650;2452;163;248;3215;716
09;490;Gunzenhausen;26586;23016;667;22349;0;2683;17160;1022;135;61;956;332
09;491;Hersbruck;22639;18493;750;17743;0;5060;9115;1275;167;353;1556;217
09;492;Hilpoltstein;20512;18112;637;17475;0;2030;13480;662;46;186;954;117
09;493;Lauf a.d. Pegnitz;31729;27529;1209;26320;0;9621;12123;1766;157;250;1969;434
09;494;Neustadt a.d.Aisch;27925;23845;980;22865;0;4100;14570;1318;76;187;1852;762
09;495;Nürnberg;32427;26843;1066;25777;0;9499;11799;1910;110;229;1564;666
09;496;Rothenburg ob der Tauber;13473;11544;484;11060;0;812;7904;1465;26;42;614;197
09;497;Scheinfeld;14345;12178;519;11659;0;1573;7844;716;27;104;1027;368
09;498;Schwabach;36598;31937;1428;30509;0;10122;15626;2886;82;206;1273;314
09;499;Uffenheim;26347;21964;944;21020;0;2701;13430;2668;92;163;1636;330
09;500;Weißenburg i. Bay.;24337;21146;811;20335;0;4690;13565;986;55;88;772;179
09;501;Aschaffenburg, Stadt;36138;29250;1455;27795;0;8556;15464;1741;231;182;1280;341
09;502;Bad Kissingen, Stadt;9179;7682;249;7433;0;1412;4230;732;94;126;736;103
09;503;Kitzingen, Stadt;11405;9466;288;9178;0;2884;4316;862;41;87;826;162
09;504;Schweinfurt, Stadt;37207;31852;1219;30633;0;12026;15068;2126;117;150;954;192
09;505;Würzburg, Stadt;73123;59477;1842;57635;0;15868;31939;4720;444;656;3264;744
09;506;Alzenau i. UFr.;29013;25352;1780;23572;0;5861;15361;714;118;80;1306;132
09;507;Aschaffenburg;41853;35866;2522;33344;0;12076;17877;672;121;141;2260;197
09;508;Bad Kissingen;26118;22874;859;22015;0;2936;16866;765;94;236;1026;92
09;509;Bad Neustadt a.d. Saale;21406;19007;678;18329;0;2098;14040;720;77;149;1162;83
09;510;Brückenau;12413;10299;359;9940;0;1489;7086;442;159;74;622;68
09;511;Ebern;16326;14418;441;13977;0;2452;8359;1533;47;203;1308;75
09;512;Gemünden a. Main;13612;11725;515;11210;0;1987;7732;635;78;154;558;66
09;513;Gerolzhofen;25632;22649;858;21791;0;2531;15539;859;93;648;1913;208
09;514;Hammelburg;16185;14312;668;13644;0;1745;10039;508;69;207;1008;68
09;515;Haßfurt;27388;24024;1042;22982;0;4213;15784;1123;80;274;1394;114
09;516;Hofheim i. UFr.;12276;10522;463;10059;0;1393;5902;1880;34;73;732;45
09;517;Karlstadt;25473;22508;928;21580;0;3515;15646;612;58;430;1186;133
09;518;Kitzingen;24294;20643;886;19757;0;4692;11213;1833;94;271;1503;151
09;519;Königshofen i. Grabfeld;11739;10269;459;9810;0;778;7089;717;40;200;953;33
09;520;Lohr a. Main;21463;18613;1074;17539;0;5153;9254;836;49;818;1340;89
09;521;Marktheidenfeld;25958;22254;839;21415;0;4387;12747;1201;90;392;2466;132
09;522;Mellrichstadt;14722;12956;486;12470;0;1688;8479;834;134;159;1074;102
09;523;Miltenberg;23172;20097;940;19157;0;4758;10826;937;145;61;2277;153
09;524;Obernburg a. Main;34764;30376;1741;28635;0;7003;17750;864;120;176;2540;182
09;525;Ochsenfurt;23480;20762;674;20088;0;3884;13001;888;99;161;1924;131
09;526;Schweinfurt;37523;34010;1704;32306;0;6670;22564;1293;90;260;1317;112
09;527;Würzburg;43035;37890;1642;36248;0;12588;19584;1259;113;490;1917;297
09;528;Augsburg, Stadt;144829;117611;3219;114392;0;39550;58932;6472;857;2983;3912;1686
09;529;Dillingen a.d. Donau, Stadt;6166;5244;171;5073;0;723;3582;202;37;59;436;34
09;530;Günzburg, Stadt;7131;6045;254;5791;0;1661;3088;290;103;100;506;43
09;531;Kaufbeuren, Stadt;20138;17308;508;16800;0;3519;8778;590;88;192;3369;264
09;532;Kempten (Allgäu), Stadt;29644;23953;961;22992;0;5893;12602;1865;137;906;1405;184
09;533;Lindau (Bodensee), Stadt;15407;12024;445;11579;0;2708;7037;1041;178;38;456;121
09;534;Memmingen, Stadt;19090;16137;433;15704;0;5311;7788;1036;107;259;936;267
09;535;Neuburg a.d. Donau, Stadt;10133;8117;251;7866;0;1516;4867;232;43;242;899;67
09;536;Neu-Ulm, Stadt;14082;11652;373;11279;0;3533;5535;1215;110;54;735;97
09;537;Nördlingen, Stadt;9654;8049;258;7791;0;2065;4419;494;39;34;678;62
09;538;Augsburg;62985;54572;2211;52361;0;14720;30695;1867;370;1737;2541;431
09;539;Dillingen a.d. Donau;33398;29041;1394;27647;0;4148;19009;712;433;461;2714;170
09;540;Donauwörth;35753;31207;1386;29821;0;4811;19926;687;136;618;3472;171
09;541;Friedberg;24388;20887;916;19971;0;4280;12938;364;106;884;1283;116
09;542;Füssen;23504;19309;759;18550;0;3147;11107;795;117;1215;2045;124
09;543;Günzburg;32440;27814;1456;26358;0;4843;16948;718;851;569;2213;216
09;544;Illertissen;25295;22207;885;21322;0;3615;13696;457;625;521;2325;83
09;545;Kaufbeuren;23384;20637;724;19913;0;2651;13262;392;160;994;2200;254
09;546;Kempten (Allgäu);33597;29166;1340;27826;0;5064;18317;1348;151;1109;1593;244
09;547;Krumbach (Schwaben);23151;20136;719;19417;0;2231;12678;415;1212;531;2245;105
09;548;Lindau (Bodensee);25902;22190;723;21467;0;3614;15227;1142;191;304;883;106
09;549;Marktoberdorf;25565;22629;770;21859;0;2714;15139;744;97;696;2344;125
09;550;Memmingen;30932;27241;919;26322;0;3890;17620;949;226;925;2515;197
09;551;Mindelheim;34804;29706;1138;28568;0;3187;19085;617;504;1506;3498;171
09;552;Neuburg a.d. Donau;25401;21915;893;21022;0;2458;14905;277;103;825;2368;86
09;553;Neu-Ulm;29711;26054;1080;24974;0;6071;15636;857;351;234;1691;134
09;554;Nördlingen;24145;21339;935;20404;0;1964;15229;1087;49;130;1801;144
09;555;Schwabmünchen;27323;22749;961;21788;0;4302;14409;535;183;660;1518;181
09;556;Sonthofen;42715;35388;1513;33875;0;6318;21364;2156;757;940;1839;501
09;557;Wertingen;21397;19028;858;18170;0;2293;12402;702;107;544;2021;101
10;558;Saarbrücken, Stadt;83027;65131;4254;60877;13745;13957;11745;19869;599;0;252;710
10;559;Homburg;42752;37197;2223;34974;10165;11905;6191;5742;237;0;104;630
10;560;Merzig-Wadern;54709;48867;3487;45380;19599;8669;10658;5774;169;0;85;426
10;561;Ottweiler;105255;91235;6058;85177;24791;28405;16958;13011;706;0;177;1129
10;562;Saarbrücken;164482;141998;9456;132542;36024;37171;25619;31142;858;0;362;1366
10;563;Saarlouis;111746;99098;6962;92136;39998;15816;22597;11413;669;0;252;1391
10;564;Sankt Ingbert;45380;39460;2717;36743;13261;8406;9579;4830;246;0;121;300
10;565;Sankt Wendel;52620;46997;2835;44162;18999;10907;9182;4090;444;0;62;478
01;;Briefwahl Schleswig-Holstein;0;65682;2042;63640;36571;13382;0;4991;2491;0;4448;1757
02;;Briefwahl Hamburg;0;73800;992;72808;36193;22359;0;8566;3730;0;1083;877
03;;Briefwahl Niedersachsen;0;186242;2145;184097;90205;41509;0;15665;20462;466;11648;4142
04;;Briefwahl Bremen;0;21331;540;20791;8751;5936;0;2056;3391;0;371;286
05;;Briefwahl Nordrhein-Westfalen;0;482508;9469;473039;316470;93142;0;38558;9781;2851;8412;3825
06;;Briefwahl Hessen;0;148233;2369;145864;76289;39916;0;15034;7280;0;5828;1517
07;;Briefwahl Rheinland-Pfalz;0;91174;1885;89289;57172;18826;0;8975;1715;0;1209;1392
08;;Briefwahl Baden-Württemberg;0;191571;2362;189209;116498;32443;0;29582;3220;0;5965;1501
09;;Briefwahl Bayern;0;256958;3202;253756;0;46751;162035;18392;2380;6380;15175;2643
10;;Briefwahl Saarland;0;19595;495;19100;6841;3073;4639;4209;141;0;51;146
